#term ID	term description	observed gene count	background gene count	strength	false discovery rate	matching proteins in your network (IDs)	matching proteins in your network (labels)
GO:0005775	vacuolar lumen	7	172	1.6	6.27e-08	9606.ENSP00000245907,9606.ENSP00000261304,9606.ENSP00000268695,9606.ENSP00000305692,9606.ENSP00000306920,9606.ENSP00000361562,9606.ENSP00000364782	C3,GALC,GALNS,GAA,GLB1,CTSA,NEU1
GO:0043202	lysosomal lumen	6	94	1.8	6.27e-08	9606.ENSP00000261304,9606.ENSP00000268695,9606.ENSP00000305692,9606.ENSP00000306920,9606.ENSP00000361562,9606.ENSP00000364782	GALC,GALNS,GAA,GLB1,CTSA,NEU1
GO:0005764	lysosome	7	582	1.07	3.02e-05	9606.ENSP00000245907,9606.ENSP00000261304,9606.ENSP00000268695,9606.ENSP00000305692,9606.ENSP00000306920,9606.ENSP00000361562,9606.ENSP00000364782	C3,GALC,GALNS,GAA,GLB1,CTSA,NEU1
GO:0030141	secretory granule	8	828	0.98	3.02e-05	9606.ENSP00000236850,9606.ENSP00000245907,9606.ENSP00000268695,9606.ENSP00000305692,9606.ENSP00000306920,9606.ENSP00000361562,9606.ENSP00000364782,9606.ENSP00000399168	APOA1,C3,GALNS,GAA,GLB1,CTSA,NEU1,HLA-B
GO:0034774	secretory granule lumen	6	323	1.26	3.02e-05	9606.ENSP00000236850,9606.ENSP00000245907,9606.ENSP00000268695,9606.ENSP00000306920,9606.ENSP00000361562,9606.ENSP00000364782	APOA1,C3,GALNS,GLB1,CTSA,NEU1
GO:0042582	azurophil granule	5	155	1.5	3.02e-05	9606.ENSP00000245907,9606.ENSP00000268695,9606.ENSP00000305692,9606.ENSP00000306920,9606.ENSP00000361562	C3,GALNS,GAA,GLB1,CTSA
GO:0035578	azurophil granule lumen	4	92	1.63	4.01e-05	9606.ENSP00000245907,9606.ENSP00000268695,9606.ENSP00000306920,9606.ENSP00000361562	C3,GALNS,GLB1,CTSA
GO:0070469	respirasome	4	93	1.62	4.01e-05	9606.ENSP00000296684,9606.ENSP00000322450,9606.ENSP00000354665,9606.ENSP00000423673	NDUFS4,NDUFV1,MT-ND6,NDUFA13
GO:1990204	oxidoreductase complex	4	103	1.58	4.80e-05	9606.ENSP00000296684,9606.ENSP00000322450,9606.ENSP00000423673,9606.ENSP00000426638	NDUFS4,NDUFV1,NDUFA13,ETFDH
GO:0005747	mitochondrial respiratory chain complex I	3	46	1.8	0.00019	9606.ENSP00000296684,9606.ENSP00000322450,9606.ENSP00000423673	NDUFS4,NDUFV1,NDUFA13
GO:0005740	mitochondrial envelope	6	722	0.91	0.00064	9606.ENSP00000296684,9606.ENSP00000313377,9606.ENSP00000322450,9606.ENSP00000354665,9606.ENSP00000423673,9606.ENSP00000426638	NDUFS4,PANK2,NDUFV1,MT-ND6,NDUFA13,ETFDH
GO:0005743	mitochondrial inner membrane	5	456	1.03	0.00074	9606.ENSP00000296684,9606.ENSP00000322450,9606.ENSP00000354665,9606.ENSP00000423673,9606.ENSP00000426638	NDUFS4,NDUFV1,MT-ND6,NDUFA13,ETFDH
GO:0098798	mitochondrial protein complex	4	251	1.19	0.00095	9606.ENSP00000296684,9606.ENSP00000322450,9606.ENSP00000423673,9606.ENSP00000426638	NDUFS4,NDUFV1,NDUFA13,ETFDH
GO:0070013	intracellular organelle lumen	13	5162	0.39	0.0024	9606.ENSP00000236850,9606.ENSP00000245907,9606.ENSP00000261304,9606.ENSP00000268695,9606.ENSP00000305692,9606.ENSP00000306920,9606.ENSP00000313377,9606.ENSP00000340820,9606.ENSP00000361562,9606.ENSP00000364782,9606.ENSP00000364805,9606.ENSP00000423673,9606.ENSP00000426638	APOA1,C3,GALC,GALNS,GAA,GLB1,PANK2,MAPT,CTSA,NEU1,HSPA1L,NDUFA13,ETFDH
GO:0005739	mitochondrion	7	1531	0.65	0.0036	9606.ENSP00000296684,9606.ENSP00000313377,9606.ENSP00000322450,9606.ENSP00000340820,9606.ENSP00000354665,9606.ENSP00000423673,9606.ENSP00000426638	NDUFS4,PANK2,NDUFV1,MAPT,MT-ND6,NDUFA13,ETFDH
GO:0005737	cytoplasm	18	11238	0.2	0.0097	9606.ENSP00000236850,9606.ENSP00000245907,9606.ENSP00000261304,9606.ENSP00000268695,9606.ENSP00000296684,9606.ENSP00000305692,9606.ENSP00000306920,9606.ENSP00000313377,9606.ENSP00000322450,9606.ENSP00000340820,9606.ENSP00000354665,9606.ENSP00000361562,9606.ENSP00000364782,9606.ENSP00000364805,9606.ENSP00000365777,9606.ENSP00000399168,9606.ENSP00000423673,9606.ENSP00000426638	APOA1,C3,GALC,GALNS,NDUFS4,GAA,GLB1,PANK2,NDUFV1,MAPT,MT-ND6,CTSA,NEU1,HSPA1L,MTHFR,HLA-B,NDUFA13,ETFDH
GO:0005576	extracellular region	8	2505	0.49	0.0111	9606.ENSP00000236850,9606.ENSP00000245907,9606.ENSP00000268695,9606.ENSP00000306920,9606.ENSP00000340820,9606.ENSP00000361562,9606.ENSP00000364782,9606.ENSP00000415941	APOA1,C3,GALNS,GLB1,MAPT,CTSA,NEU1,C4B
GO:0043231	intracellular membrane-bounded organelle	17	10365	0.21	0.0146	9606.ENSP00000236850,9606.ENSP00000245907,9606.ENSP00000261304,9606.ENSP00000268695,9606.ENSP00000296684,9606.ENSP00000305692,9606.ENSP00000306920,9606.ENSP00000313377,9606.ENSP00000322450,9606.ENSP00000340820,9606.ENSP00000354665,9606.ENSP00000361562,9606.ENSP00000364782,9606.ENSP00000364805,9606.ENSP00000399168,9606.ENSP00000423673,9606.ENSP00000426638	APOA1,C3,GALC,GALNS,NDUFS4,GAA,GLB1,PANK2,NDUFV1,MAPT,MT-ND6,CTSA,NEU1,HSPA1L,HLA-B,NDUFA13,ETFDH
