#term ID	term description	observed gene count	background gene count	strength	false discovery rate	matching proteins in your network (IDs)	matching proteins in your network (labels)
GO:0004308	exo-alpha-sialidase activity	3	6	2.69	9.42e-06	9606.ENSP00000306920,9606.ENSP00000361562,9606.ENSP00000364782	GLB1,CTSA,NEU1
GO:0004553	hydrolase activity, hydrolyzing O-glycosyl compounds	5	99	1.69	9.42e-06	9606.ENSP00000261304,9606.ENSP00000305692,9606.ENSP00000306920,9606.ENSP00000361562,9606.ENSP00000364782	GALC,GAA,GLB1,CTSA,NEU1
GO:0008137	NADH dehydrogenase (ubiquinone) activity	4	45	1.94	9.42e-06	9606.ENSP00000296684,9606.ENSP00000322450,9606.ENSP00000354665,9606.ENSP00000423673	NDUFS4,NDUFV1,MT-ND6,NDUFA13
GO:0003824	catalytic activity	16	5592	0.45	5.24e-05	9606.ENSP00000245907,9606.ENSP00000261304,9606.ENSP00000268695,9606.ENSP00000296684,9606.ENSP00000305692,9606.ENSP00000306920,9606.ENSP00000313377,9606.ENSP00000322450,9606.ENSP00000354665,9606.ENSP00000361562,9606.ENSP00000364782,9606.ENSP00000365777,9606.ENSP00000373700,9606.ENSP00000415941,9606.ENSP00000423673,9606.ENSP00000426638	C3,GALC,GALNS,NDUFS4,GAA,GLB1,PANK2,NDUFV1,MT-ND6,CTSA,NEU1,MTHFR,ALK,C4B,NDUFA13,ETFDH
GO:0016491	oxidoreductase activity	6	716	0.91	0.00094	9606.ENSP00000296684,9606.ENSP00000322450,9606.ENSP00000354665,9606.ENSP00000365777,9606.ENSP00000423673,9606.ENSP00000426638	NDUFS4,NDUFV1,MT-ND6,MTHFR,NDUFA13,ETFDH
GO:0031072	heat shock protein binding	3	112	1.42	0.0029	9606.ENSP00000236850,9606.ENSP00000340820,9606.ENSP00000364805	APOA1,MAPT,HSPA1L
GO:0016645	oxidoreductase activity, acting on the CH-NH group of donors	2	27	1.86	0.0045	9606.ENSP00000365777,9606.ENSP00000426638	MTHFR,ETFDH
GO:0071813	lipoprotein particle binding	2	25	1.89	0.0045	9606.ENSP00000236850,9606.ENSP00000340820	APOA1,MAPT
GO:0043168	anion binding	9	2696	0.51	0.0076	9606.ENSP00000236850,9606.ENSP00000313377,9606.ENSP00000322450,9606.ENSP00000340820,9606.ENSP00000364805,9606.ENSP00000365777,9606.ENSP00000373700,9606.ENSP00000423673,9606.ENSP00000426638	APOA1,PANK2,NDUFV1,MAPT,HSPA1L,MTHFR,ALK,NDUFA13,ETFDH
GO:0051539	4 iron, 4 sulfur cluster binding	2	41	1.68	0.0087	9606.ENSP00000322450,9606.ENSP00000426638	NDUFV1,ETFDH
GO:0008236	serine-type peptidase activity	3	207	1.15	0.0114	9606.ENSP00000245907,9606.ENSP00000361562,9606.ENSP00000415941	C3,CTSA,C4B
GO:0016787	hydrolase activity	8	2448	0.5	0.0159	9606.ENSP00000245907,9606.ENSP00000261304,9606.ENSP00000268695,9606.ENSP00000305692,9606.ENSP00000306920,9606.ENSP00000361562,9606.ENSP00000364782,9606.ENSP00000415941	C3,GALC,GALNS,GAA,GLB1,CTSA,NEU1,C4B
GO:0036094	small molecule binding	8	2460	0.5	0.0159	9606.ENSP00000236850,9606.ENSP00000313377,9606.ENSP00000322450,9606.ENSP00000364805,9606.ENSP00000365777,9606.ENSP00000373700,9606.ENSP00000423673,9606.ENSP00000426638	APOA1,PANK2,NDUFV1,HSPA1L,MTHFR,ALK,NDUFA13,ETFDH
GO:0050662	coenzyme binding	3	274	1.03	0.0188	9606.ENSP00000322450,9606.ENSP00000365777,9606.ENSP00000426638	NDUFV1,MTHFR,ETFDH
GO:0050660	flavin adenine dinucleotide binding	2	76	1.41	0.0192	9606.ENSP00000365777,9606.ENSP00000426638	MTHFR,ETFDH
GO:0030234	enzyme regulator activity	5	1016	0.68	0.0199	9606.ENSP00000236850,9606.ENSP00000245907,9606.ENSP00000361562,9606.ENSP00000373700,9606.ENSP00000415941	APOA1,C3,CTSA,ALK,C4B
GO:0000166	nucleotide binding	7	2097	0.51	0.0224	9606.ENSP00000313377,9606.ENSP00000322450,9606.ENSP00000364805,9606.ENSP00000365777,9606.ENSP00000373700,9606.ENSP00000423673,9606.ENSP00000426638	PANK2,NDUFV1,HSPA1L,MTHFR,ALK,NDUFA13,ETFDH
GO:0051087	chaperone binding	2	100	1.29	0.0280	9606.ENSP00000340820,9606.ENSP00000399168	MAPT,HLA-B
GO:0004857	enzyme inhibitor activity	3	388	0.88	0.0394	9606.ENSP00000236850,9606.ENSP00000245907,9606.ENSP00000415941	APOA1,C3,C4B
GO:0098772	molecular function regulator	6	1793	0.52	0.0407	9606.ENSP00000236850,9606.ENSP00000245907,9606.ENSP00000340820,9606.ENSP00000361562,9606.ENSP00000373700,9606.ENSP00000415941	APOA1,C3,MAPT,CTSA,ALK,C4B
