#term ID	term description	observed gene count	background gene count	strength	false discovery rate	matching proteins in your network (IDs)	matching proteins in your network (labels)
GO:0002274	myeloid leukocyte activation	8	574	1.13	6.30e-05	9606.ENSP00000245907,9606.ENSP00000268695,9606.ENSP00000305692,9606.ENSP00000306920,9606.ENSP00000340820,9606.ENSP00000361562,9606.ENSP00000364782,9606.ENSP00000399168	C3,GALNS,GAA,GLB1,MAPT,CTSA,NEU1,HLA-B
GO:0002443	leukocyte mediated immunity	8	632	1.09	6.55e-05	9606.ENSP00000245907,9606.ENSP00000268695,9606.ENSP00000305692,9606.ENSP00000306920,9606.ENSP00000361562,9606.ENSP00000364782,9606.ENSP00000399168,9606.ENSP00000415941	C3,GALNS,GAA,GLB1,CTSA,NEU1,HLA-B,C4B
GO:0045055	regulated exocytosis	8	691	1.05	6.55e-05	9606.ENSP00000236850,9606.ENSP00000245907,9606.ENSP00000268695,9606.ENSP00000305692,9606.ENSP00000306920,9606.ENSP00000361562,9606.ENSP00000364782,9606.ENSP00000399168	APOA1,C3,GALNS,GAA,GLB1,CTSA,NEU1,HLA-B
GO:0055114	oxidation-reduction process	9	932	0.98	6.55e-05	9606.ENSP00000236850,9606.ENSP00000296684,9606.ENSP00000305692,9606.ENSP00000313377,9606.ENSP00000322450,9606.ENSP00000354665,9606.ENSP00000365777,9606.ENSP00000423673,9606.ENSP00000426638	APOA1,NDUFS4,GAA,PANK2,NDUFV1,MT-ND6,MTHFR,NDUFA13,ETFDH
GO:0006687	glycosphingolipid metabolic process	4	56	1.84	8.35e-05	9606.ENSP00000261304,9606.ENSP00000306920,9606.ENSP00000361562,9606.ENSP00000364782	GALC,GLB1,CTSA,NEU1
GO:0032981	mitochondrial respiratory chain complex I assembly	4	65	1.78	8.35e-05	9606.ENSP00000296684,9606.ENSP00000322450,9606.ENSP00000354665,9606.ENSP00000423673	NDUFS4,NDUFV1,MT-ND6,NDUFA13
GO:0043312	neutrophil degranulation	7	485	1.15	8.35e-05	9606.ENSP00000245907,9606.ENSP00000268695,9606.ENSP00000305692,9606.ENSP00000306920,9606.ENSP00000361562,9606.ENSP00000364782,9606.ENSP00000399168	C3,GALNS,GAA,GLB1,CTSA,NEU1,HLA-B
GO:0015980	energy derivation by oxidation of organic compounds	5	217	1.35	0.00014	9606.ENSP00000296684,9606.ENSP00000305692,9606.ENSP00000313377,9606.ENSP00000322450,9606.ENSP00000426638	NDUFS4,GAA,PANK2,NDUFV1,ETFDH
GO:0007005	mitochondrion organization	6	424	1.14	0.00016	9606.ENSP00000296684,9606.ENSP00000313377,9606.ENSP00000322450,9606.ENSP00000340820,9606.ENSP00000354665,9606.ENSP00000423673	NDUFS4,PANK2,NDUFV1,MAPT,MT-ND6,NDUFA13
GO:0044281	small molecule metabolic process	10	1779	0.74	0.00016	9606.ENSP00000236850,9606.ENSP00000245907,9606.ENSP00000268695,9606.ENSP00000296684,9606.ENSP00000305692,9606.ENSP00000306920,9606.ENSP00000313377,9606.ENSP00000322450,9606.ENSP00000365777,9606.ENSP00000426638	APOA1,C3,GALNS,NDUFS4,GAA,GLB1,PANK2,NDUFV1,MTHFR,ETFDH
GO:1901135	carbohydrate derivative metabolic process	8	1083	0.86	0.00025	9606.ENSP00000261304,9606.ENSP00000268695,9606.ENSP00000296684,9606.ENSP00000306920,9606.ENSP00000313377,9606.ENSP00000322450,9606.ENSP00000361562,9606.ENSP00000364782	GALC,GALNS,NDUFS4,GLB1,PANK2,NDUFV1,CTSA,NEU1
GO:0090207	regulation of triglyceride metabolic process	3	34	1.94	0.00026	9606.ENSP00000236850,9606.ENSP00000245907,9606.ENSP00000313377	APOA1,C3,PANK2
GO:0045333	cellular respiration	4	153	1.41	0.00062	9606.ENSP00000296684,9606.ENSP00000313377,9606.ENSP00000322450,9606.ENSP00000426638	NDUFS4,PANK2,NDUFV1,ETFDH
GO:0016192	vesicle-mediated transport	9	1699	0.71	0.00069	9606.ENSP00000236850,9606.ENSP00000245907,9606.ENSP00000268695,9606.ENSP00000305692,9606.ENSP00000306920,9606.ENSP00000361562,9606.ENSP00000364782,9606.ENSP00000399168,9606.ENSP00000415941	APOA1,C3,GALNS,GAA,GLB1,CTSA,NEU1,HLA-B,C4B
GO:0044242	cellular lipid catabolic process	4	167	1.37	0.00082	9606.ENSP00000236850,9606.ENSP00000261304,9606.ENSP00000364782,9606.ENSP00000426638	APOA1,GALC,NEU1,ETFDH
GO:0044255	cellular lipid metabolic process	7	946	0.86	0.00092	9606.ENSP00000236850,9606.ENSP00000245907,9606.ENSP00000261304,9606.ENSP00000306920,9606.ENSP00000361562,9606.ENSP00000364782,9606.ENSP00000426638	APOA1,C3,GALC,GLB1,CTSA,NEU1,ETFDH
GO:1901136	carbohydrate derivative catabolic process	4	175	1.35	0.00093	9606.ENSP00000261304,9606.ENSP00000268695,9606.ENSP00000306920,9606.ENSP00000364782	GALC,GALNS,GLB1,NEU1
GO:2000427	positive regulation of apoptotic cell clearance	2	7	2.45	0.0011	9606.ENSP00000245907,9606.ENSP00000415941	C3,C4B
GO:0050896	response to stimulus	17	7824	0.33	0.0014	9606.ENSP00000236850,9606.ENSP00000245907,9606.ENSP00000268695,9606.ENSP00000296684,9606.ENSP00000305692,9606.ENSP00000306920,9606.ENSP00000340820,9606.ENSP00000354665,9606.ENSP00000361562,9606.ENSP00000364782,9606.ENSP00000364805,9606.ENSP00000365777,9606.ENSP00000373700,9606.ENSP00000399168,9606.ENSP00000415941,9606.ENSP00000423673,9606.ENSP00000426638	APOA1,C3,GALNS,NDUFS4,GAA,GLB1,MAPT,MT-ND6,CTSA,NEU1,HSPA1L,MTHFR,ALK,HLA-B,C4B,NDUFA13,ETFDH
GO:0046479	glycosphingolipid catabolic process	2	11	2.25	0.0021	9606.ENSP00000261304,9606.ENSP00000364782	GALC,NEU1
GO:1901564	organonitrogen compound metabolic process	14	5281	0.41	0.0021	9606.ENSP00000236850,9606.ENSP00000245907,9606.ENSP00000261304,9606.ENSP00000268695,9606.ENSP00000296684,9606.ENSP00000306920,9606.ENSP00000313377,9606.ENSP00000322450,9606.ENSP00000340820,9606.ENSP00000361562,9606.ENSP00000364782,9606.ENSP00000365777,9606.ENSP00000373700,9606.ENSP00000415941	APOA1,C3,GALC,GALNS,NDUFS4,GLB1,PANK2,NDUFV1,MAPT,CTSA,NEU1,MTHFR,ALK,C4B
GO:0006955	immune response	8	1560	0.7	0.0023	9606.ENSP00000245907,9606.ENSP00000268695,9606.ENSP00000305692,9606.ENSP00000306920,9606.ENSP00000361562,9606.ENSP00000364782,9606.ENSP00000399168,9606.ENSP00000415941	C3,GALNS,GAA,GLB1,CTSA,NEU1,HLA-B,C4B
GO:0042340	keratan sulfate catabolic process	2	12	2.21	0.0023	9606.ENSP00000268695,9606.ENSP00000306920	GALNS,GLB1
GO:0046514	ceramide catabolic process	2	12	2.21	0.0023	9606.ENSP00000261304,9606.ENSP00000364782	GALC,NEU1
GO:1901575	organic substance catabolic process	8	1609	0.69	0.0026	9606.ENSP00000236850,9606.ENSP00000261304,9606.ENSP00000268695,9606.ENSP00000305692,9606.ENSP00000306920,9606.ENSP00000361562,9606.ENSP00000364782,9606.ENSP00000426638	APOA1,GALC,GALNS,GAA,GLB1,CTSA,NEU1,ETFDH
GO:0044248	cellular catabolic process	8	1646	0.68	0.0029	9606.ENSP00000236850,9606.ENSP00000261304,9606.ENSP00000268695,9606.ENSP00000305692,9606.ENSP00000306920,9606.ENSP00000361562,9606.ENSP00000364782,9606.ENSP00000426638	APOA1,GALC,GALNS,GAA,GLB1,CTSA,NEU1,ETFDH
GO:0022904	respiratory electron transport chain	3	96	1.49	0.0031	9606.ENSP00000296684,9606.ENSP00000322450,9606.ENSP00000426638	NDUFS4,NDUFV1,ETFDH
GO:0008152	metabolic process	18	9569	0.26	0.0032	9606.ENSP00000236850,9606.ENSP00000245907,9606.ENSP00000261304,9606.ENSP00000268695,9606.ENSP00000296684,9606.ENSP00000305692,9606.ENSP00000306920,9606.ENSP00000313377,9606.ENSP00000322450,9606.ENSP00000340820,9606.ENSP00000354665,9606.ENSP00000361562,9606.ENSP00000364782,9606.ENSP00000365777,9606.ENSP00000373700,9606.ENSP00000415941,9606.ENSP00000423673,9606.ENSP00000426638	APOA1,C3,GALC,GALNS,NDUFS4,GAA,GLB1,PANK2,NDUFV1,MAPT,MT-ND6,CTSA,NEU1,MTHFR,ALK,C4B,NDUFA13,ETFDH
GO:0016052	carbohydrate catabolic process	3	104	1.45	0.0036	9606.ENSP00000305692,9606.ENSP00000306920,9606.ENSP00000364782	GAA,GLB1,NEU1
GO:0098581	detection of external biotic stimulus	2	21	1.97	0.0051	9606.ENSP00000399168,9606.ENSP00000415941	HLA-B,C4B
GO:0002376	immune system process	9	2370	0.57	0.0055	9606.ENSP00000245907,9606.ENSP00000268695,9606.ENSP00000305692,9606.ENSP00000306920,9606.ENSP00000340820,9606.ENSP00000361562,9606.ENSP00000364782,9606.ENSP00000399168,9606.ENSP00000415941	C3,GALNS,GAA,GLB1,MAPT,CTSA,NEU1,HLA-B,C4B
GO:0043436	oxoacid metabolic process	6	943	0.79	0.0055	9606.ENSP00000245907,9606.ENSP00000268695,9606.ENSP00000306920,9606.ENSP00000313377,9606.ENSP00000365777,9606.ENSP00000426638	C3,GALNS,GLB1,PANK2,MTHFR,ETFDH
GO:0002697	regulation of immune effector process	4	362	1.03	0.0085	9606.ENSP00000236850,9606.ENSP00000245907,9606.ENSP00000399168,9606.ENSP00000415941	APOA1,C3,HLA-B,C4B
GO:0006958	complement activation, classical pathway	2	34	1.76	0.0111	9606.ENSP00000245907,9606.ENSP00000415941	C3,C4B
GO:0052548	regulation of endopeptidase activity	4	393	1.0	0.0111	9606.ENSP00000245907,9606.ENSP00000340820,9606.ENSP00000415941,9606.ENSP00000423673	C3,MAPT,C4B,NDUFA13
GO:0051246	regulation of protein metabolic process	9	2668	0.52	0.0115	9606.ENSP00000236850,9606.ENSP00000245907,9606.ENSP00000296684,9606.ENSP00000340820,9606.ENSP00000361562,9606.ENSP00000365777,9606.ENSP00000373700,9606.ENSP00000415941,9606.ENSP00000423673	APOA1,C3,NDUFS4,MAPT,CTSA,MTHFR,ALK,C4B,NDUFA13
GO:0006810	transport	11	4130	0.42	0.0151	9606.ENSP00000236850,9606.ENSP00000245907,9606.ENSP00000268695,9606.ENSP00000305692,9606.ENSP00000306920,9606.ENSP00000340820,9606.ENSP00000361562,9606.ENSP00000364782,9606.ENSP00000399168,9606.ENSP00000415941,9606.ENSP00000423673	APOA1,C3,GALNS,GAA,GLB1,MAPT,CTSA,NEU1,HLA-B,C4B,NDUFA13
GO:0006120	mitochondrial electron transport, NADH to ubiquinone	2	44	1.65	0.0160	9606.ENSP00000296684,9606.ENSP00000322450	NDUFS4,NDUFV1
GO:0010033	response to organic substance	9	2815	0.5	0.0160	9606.ENSP00000296684,9606.ENSP00000306920,9606.ENSP00000340820,9606.ENSP00000354665,9606.ENSP00000364805,9606.ENSP00000365777,9606.ENSP00000399168,9606.ENSP00000415941,9606.ENSP00000423673	NDUFS4,GLB1,MAPT,MT-ND6,HSPA1L,MTHFR,HLA-B,C4B,NDUFA13
GO:1900034	regulation of cellular response to heat	2	45	1.64	0.0164	9606.ENSP00000340820,9606.ENSP00000364805	MAPT,HSPA1L
GO:1903747	regulation of establishment of protein localization to mitochondrion	2	47	1.62	0.0176	9606.ENSP00000340820,9606.ENSP00000364805	MAPT,HSPA1L
GO:0034622	cellular protein-containing complex assembly	5	832	0.77	0.0189	9606.ENSP00000296684,9606.ENSP00000322450,9606.ENSP00000340820,9606.ENSP00000354665,9606.ENSP00000423673	NDUFS4,NDUFV1,MAPT,MT-ND6,NDUFA13
GO:0030449	regulation of complement activation	2	52	1.58	0.0201	9606.ENSP00000245907,9606.ENSP00000415941	C3,C4B
GO:0080134	regulation of response to stress	6	1299	0.66	0.0210	9606.ENSP00000236850,9606.ENSP00000245907,9606.ENSP00000340820,9606.ENSP00000364805,9606.ENSP00000399168,9606.ENSP00000415941	APOA1,C3,MAPT,HSPA1L,HLA-B,C4B
GO:2000257	regulation of protein activation cascade	2	54	1.56	0.0210	9606.ENSP00000245907,9606.ENSP00000415941	C3,C4B
GO:0009311	oligosaccharide metabolic process	2	55	1.55	0.0212	9606.ENSP00000305692,9606.ENSP00000364782	GAA,NEU1
GO:0044237	cellular metabolic process	16	8797	0.25	0.0212	9606.ENSP00000236850,9606.ENSP00000245907,9606.ENSP00000261304,9606.ENSP00000268695,9606.ENSP00000296684,9606.ENSP00000305692,9606.ENSP00000306920,9606.ENSP00000313377,9606.ENSP00000322450,9606.ENSP00000340820,9606.ENSP00000361562,9606.ENSP00000364782,9606.ENSP00000365777,9606.ENSP00000373700,9606.ENSP00000423673,9606.ENSP00000426638	APOA1,C3,GALC,GALNS,NDUFS4,GAA,GLB1,PANK2,NDUFV1,MAPT,CTSA,NEU1,MTHFR,ALK,NDUFA13,ETFDH
GO:0032268	regulation of cellular protein metabolic process	8	2486	0.5	0.0279	9606.ENSP00000236850,9606.ENSP00000245907,9606.ENSP00000296684,9606.ENSP00000340820,9606.ENSP00000365777,9606.ENSP00000373700,9606.ENSP00000415941,9606.ENSP00000423673	APOA1,C3,NDUFS4,MAPT,MTHFR,ALK,C4B,NDUFA13
GO:0051881	regulation of mitochondrial membrane potential	2	68	1.46	0.0302	9606.ENSP00000313377,9606.ENSP00000340820	PANK2,MAPT
GO:1901565	organonitrogen compound catabolic process	5	958	0.71	0.0307	9606.ENSP00000261304,9606.ENSP00000268695,9606.ENSP00000306920,9606.ENSP00000361562,9606.ENSP00000364782	GALC,GALNS,GLB1,CTSA,NEU1
GO:1901700	response to oxygen-containing compound	6	1427	0.61	0.0307	9606.ENSP00000296684,9606.ENSP00000306920,9606.ENSP00000340820,9606.ENSP00000354665,9606.ENSP00000365777,9606.ENSP00000423673	NDUFS4,GLB1,MAPT,MT-ND6,MTHFR,NDUFA13
GO:0071704	organic substance metabolic process	16	9135	0.23	0.0309	9606.ENSP00000236850,9606.ENSP00000245907,9606.ENSP00000261304,9606.ENSP00000268695,9606.ENSP00000296684,9606.ENSP00000305692,9606.ENSP00000306920,9606.ENSP00000313377,9606.ENSP00000322450,9606.ENSP00000340820,9606.ENSP00000361562,9606.ENSP00000364782,9606.ENSP00000365777,9606.ENSP00000373700,9606.ENSP00000415941,9606.ENSP00000426638	APOA1,C3,GALC,GALNS,NDUFS4,GAA,GLB1,PANK2,NDUFV1,MAPT,CTSA,NEU1,MTHFR,ALK,C4B,ETFDH
GO:0072376	protein activation cascade	2	74	1.42	0.0326	9606.ENSP00000245907,9606.ENSP00000415941	C3,C4B
GO:0006950	response to stress	9	3267	0.43	0.0343	9606.ENSP00000236850,9606.ENSP00000245907,9606.ENSP00000340820,9606.ENSP00000354665,9606.ENSP00000364805,9606.ENSP00000365777,9606.ENSP00000399168,9606.ENSP00000415941,9606.ENSP00000426638	APOA1,C3,MAPT,MT-ND6,HSPA1L,MTHFR,HLA-B,C4B,ETFDH
GO:0006767	water-soluble vitamin metabolic process	2	81	1.38	0.0368	9606.ENSP00000313377,9606.ENSP00000365777	PANK2,MTHFR
GO:0065003	protein-containing complex assembly	6	1514	0.59	0.0369	9606.ENSP00000236850,9606.ENSP00000296684,9606.ENSP00000322450,9606.ENSP00000340820,9606.ENSP00000354665,9606.ENSP00000423673	APOA1,NDUFS4,NDUFV1,MAPT,MT-ND6,NDUFA13
GO:0019217	regulation of fatty acid metabolic process	2	86	1.36	0.0405	9606.ENSP00000236850,9606.ENSP00000313377	APOA1,PANK2
GO:0002708	positive regulation of lymphocyte mediated immunity	2	88	1.35	0.0420	9606.ENSP00000245907,9606.ENSP00000399168	C3,HLA-B
GO:0002824	positive regulation of adaptive immune response based on somatic recombination of immune receptors built from immunoglobulin superfamily domains	2	89	1.34	0.0425	9606.ENSP00000245907,9606.ENSP00000399168	C3,HLA-B
GO:0002673	regulation of acute inflammatory response	2	92	1.33	0.0448	9606.ENSP00000245907,9606.ENSP00000415941	C3,C4B
GO:0042221	response to chemical	10	4153	0.37	0.0449	9606.ENSP00000236850,9606.ENSP00000296684,9606.ENSP00000306920,9606.ENSP00000340820,9606.ENSP00000354665,9606.ENSP00000364805,9606.ENSP00000365777,9606.ENSP00000399168,9606.ENSP00000415941,9606.ENSP00000423673	APOA1,NDUFS4,GLB1,MAPT,MT-ND6,HSPA1L,MTHFR,HLA-B,C4B,NDUFA13
GO:0031347	regulation of defense response	4	676	0.76	0.0477	9606.ENSP00000236850,9606.ENSP00000245907,9606.ENSP00000399168,9606.ENSP00000415941	APOA1,C3,HLA-B,C4B
